sensor_id,timestamp,temperature,status,temperature_f
SENSOR_1,2026-08-13 15:00:06,82.67,on,180.80599999999998
SENSOR_2,2026-08-13 15:00:06,66.78,on,152.204
SENSOR_3,2026-08-13 15:00:06,21.56,on,70.80799999999999
SENSOR_4,2026-08-13 15:00:06,66.92,on,152.456
SENSOR_6,2026-08-13 15:00:06,42.2,on,107.96000000000001
SENSOR_7,2026-08-13 15:00:06,58.36,on,137.048
SENSOR_8,2026-08-13 15:00:06,24.33,on,75.794
SENSOR_9,2026-08-13 15:00:06,65.6,on,150.07999999999998
SENSOR_10,2026-08-13 15:00:06,68.35,on,155.03
